Variable,Category,Count,Percent_of_Observed,Missing_N
Year,ชั้นปีที่ 2,23,76.66666666666667,0
Year,ชั้นปีที่ 3,4,13.333333333333334,0
Year,ชั้นปีที่ 4,2,6.666666666666667,0
Year,ชั้นปีที่ 1,1,3.3333333333333335,0
Faculty,วิทยาลัยการคอมพิวเตอร์,9,30.0,0
Faculty,คณะวิศวกรรมศาสตร์,7,23.333333333333332,0
Faculty,คณะมนุษยศาสตร์และสังคมศาสตร์,3,10.0,0
Faculty,คณะสาธารณสุขศาสตร์,2,6.666666666666667,0
Faculty,คณะเทคนิคการแพทย์,2,6.666666666666667,0
Faculty,คณะวิทยาศาสตร์,2,6.666666666666667,0
Faculty,คณะบริหารธุรกิจและการบัญชี,1,3.3333333333333335,0
Faculty,คณะพยาบาลศาสตร์,1,3.3333333333333335,0
Faculty,คณะเกษตรศาสตร์,1,3.3333333333333335,0
Faculty,คณะนิติศาสตร์,1,3.3333333333333335,0
Faculty,คณะศึกษาศาสตร์,1,3.3333333333333335,0
Accommodation,หอพัก/อพาร์ตเมนต์ภายนอกมหาวิทยาลัย,16,53.333333333333336,0
Accommodation,หอพักภายในมหาวิทยาลัย,12,40.0,0
Accommodation,บ้านตนเอง/บ้านครอบครัว,1,3.3333333333333335,0
Accommodation,บ้านญาติ,1,3.3333333333333335,0
PartTime,ไม่มี,23,76.66666666666667,0
PartTime,มี,7,23.333333333333332,0
SavingStatus,มี,19,63.33333333333333,0
SavingStatus,ไม่มี,11,36.666666666666664,0
MoneySufficiency_Code,2,14,46.666666666666664,0
MoneySufficiency_Code,3,7,23.333333333333332,0
MoneySufficiency_Code,1,6,20.0,0
MoneySufficiency_Code,4,3,10.0,0
MoneySufficiency_Group,Sufficient,20,66.66666666666666,0
MoneySufficiency_Group,Insufficient,10,33.33333333333333,0
