Variable,N,Missing_N,Mean,Median,SD,Min,Q1,Q3,IQR,Max,Negative_Count,Zero_Count,Positive_Count,Component_Type,Zero_Percent_of_Usable_N,NonZero_Count
FoodExpense,29,1,4549.310344827586,4800.0,2265.2592583166197,20.0,3500.0,6000.0,2500.0,8000.0,0,0,29,Expense,0.0,29
TransportExpense,29,1,360.86206896551727,250.0,395.6325607842577,0.0,200.0,400.0,200.0,2000.0,0,3,26,Expense,10.344827586206897,26
HousingExpense,28,2,3636.6071428571427,3500.0,5930.705106660533,0.0,0.0,4275.0,4275.0,32000.0,0,9,19,Expense,32.142857142857146,19
UtilityExpense,29,1,586.3793103448276,500.0,575.9853925350826,0.0,300.0,630.0,330.0,2500.0,0,5,24,Expense,17.24137931034483,24
EducationExpense,29,1,179.13793103448276,100.0,240.617022930918,0.0,0.0,300.0,300.0,1000.0,0,10,19,Expense,34.48275862068966,19
EntertainmentExpense,29,1,243.9655172413793,100.0,284.7786712968789,0.0,0.0,500.0,500.0,1015.0,0,10,19,Expense,34.48275862068966,19
ShoppingExpense,28,2,543.9642857142857,500.0,506.33655050860426,0.0,175.0,1000.0,825.0,2000.0,0,5,23,Expense,17.857142857142858,23
SubscriptionExpense,29,1,111.6896551724138,35.0,158.94161179688325,0.0,0.0,150.0,150.0,600.0,0,14,15,Expense,48.275862068965516,15
OtherExpense,29,1,56.89655172413793,0.0,177.14206260746653,0.0,0.0,0.0,0.0,700.0,0,26,3,Expense,89.65517241379311,3
