Variable,N,Missing_N,Mean,Median,SD,Min,Q1,Q3,IQR,Max,Negative_Count,Zero_Count,Positive_Count
FoodRatio,27,3,52.16847715078965,52.54170497832654,24.651006329258614,0.4405286343612335,40.38891813635167,69.19755461502288,28.80863647867121,93.48706762231225,0,0,27
TransportRatio,27,3,3.8569510692793334,2.774309890414759,3.8182485318313093,0.0,1.8738232942093216,5.174672567541627,3.3008492733323056,16.8662506324844,0,3,24
HousingRatio,27,3,26.82448455476037,29.55470905030868,25.126098472706136,0.0,0.0,35.42971551518049,35.42971551518049,92.94220156839965,0,9,18
UtilityRatio,27,3,4.970184599475735,3.816793893129771,4.0130516185750675,0.0,2.5179098187947746,8.193979933110368,5.676070114315594,12.93103448275862,0,5,22
EducationRatio,27,3,1.7801595410355031,0.6567713122290818,2.635094385201483,0.0,0.0,2.263358778625954,2.263358778625954,8.695652173913043,0,10,17
EntertainmentRatio,27,3,2.5194995685151875,1.769911504424779,2.863999281319865,0.0,0.0,4.057087367960074,4.057087367960074,8.433125316242199,0,10,17
ShoppingRatio,27,3,6.024707418149608,6.25,4.928380081950465,0.0,1.4505386518684515,8.772604848018467,7.322066196150016,17.40412979351033,0,5,22
SubscriptionRatio,27,3,1.1703576355758403,0.0,1.4824201827953234,0.0,0.0,2.3142230630680114,2.3142230630680114,5.309734513274337,0,14,13
OtherExpenseRatio,27,3,0.6851784624187808,0.0,2.1414089101915206,0.0,0.0,0.0,0.0,9.486380268329043,0,24,3
