Variable,N,Missing_N,Mean,Median,SD,Min,Q1,Q3,IQR,Max,Negative_Count,Zero_Count,Positive_Count,Group,Group_Total_N
TotalIncome,20,0,10165.0,9000.0,3745.3515048306003,6000.0,7000.0,12550.0,5550.0,18000.0,0,0,20,Sufficient,20
TotalIncome,9,1,8862.962222222222,8000.0,6115.064813462278,100.0,5666.66,13000.0,7333.34,20000.0,0,0,9,Insufficient,10
TotalExpense,19,1,9533.421052631578,10000.0,3791.514858730822,3209.0,6569.0,13200.0,6631.0,15859.0,0,0,19,Sufficient,20
TotalExpense,8,2,12574.375,11450.0,9679.715343180294,4200.0,6197.5,13218.25,7020.75,34430.0,0,0,8,Insufficient,10
NetBalance,19,1,798.1578947368421,900.0,2420.000993185239,-6100.0,125.0,2289.5,2164.5,4871.0,3,2,14,Sufficient,20
NetBalance,7,3,228.8085714285714,1250.0,4629.312314283943,-5600.0,-3333.0,2583.33,5916.33,7451.0,3,0,4,Insufficient,10
ExpenseRatio,19,1,93.49080971771853,91.01351351351352,30.306211050922208,53.48333333333334,82.4008536064874,97.91666666666667,15.51581306017927,187.1428571428571,0,0,19,Sufficient,20
ExpenseRatio,7,3,735.2896396922716,84.375,1678.3108690260847,62.745,74.72553379474564,155.2282051282051,80.50267133345946,4540.0,0,0,7,Insufficient,10
SavingAmount,20,0,745.0,650.0,708.9465869569405,0.0,150.0,1000.0,850.0,2900.0,0,5,15,Sufficient,20
SavingAmount,10,0,260.0,0.0,625.7440016137235,0.0,0.0,150.0,150.0,2000.0,0,7,3,Insufficient,10
FoodRatio,19,1,59.54035537960889,57.95421616922631,17.652406480014616,34.13454700611577,47.02419016957376,72.28260869565217,25.258418526078415,93.48706762231225,0,0,19,Sufficient,20
FoodRatio,8,2,34.660266357343914,43.30283907771192,30.950868929043597,0.4405286343612335,0.6862555265111177,52.68061501693075,51.99435949041963,83.33333333333334,0,0,8,Insufficient,10
HousingRatio,19,1,18.651346543813272,22.06948735733653,17.62545175852582,0.0,0.0,34.5023051923513,34.5023051923513,50.48255382331106,0,8,11,Sufficient,20
HousingRatio,8,2,46.23568733075974,35.186352683322085,30.56366115373798,0.0,30.664539331542688,70.93979441997062,40.27525508842794,92.94220156839965,0,1,7,Insufficient,10
ShoppingRatio,19,1,6.138498160050875,6.25,5.1922246627992905,0.0,1.487905421030879,8.772604848018467,7.284699426987588,17.40412979351033,0,4,15,Sufficient,20
ShoppingRatio,8,2,5.754454406134094,6.187024397401833,4.557824184923609,0.0,1.4175520807442248,9.058109833971903,7.640557753227679,11.9047619047619,0,1,7,Insufficient,10
