Variable,Response_Code,N,Percent_of_Usable_N,Missing_N
PlanSpending_Code,1,1,3.3333333333333335,0
PlanSpending_Code,2,1,3.3333333333333335,0
PlanSpending_Code,3,9,30.0,0
PlanSpending_Code,4,11,36.666666666666664,0
PlanSpending_Code,5,8,26.666666666666668,0
TrackExpenses_Code,1,1,3.3333333333333335,0
TrackExpenses_Code,2,8,26.666666666666668,0
TrackExpenses_Code,3,12,40.0,0
TrackExpenses_Code,4,4,13.333333333333334,0
TrackExpenses_Code,5,5,16.666666666666664,0
ControlExpenses_Code,1,1,3.3333333333333335,0
ControlExpenses_Code,2,3,10.0,0
ControlExpenses_Code,3,4,13.333333333333334,0
ControlExpenses_Code,4,11,36.666666666666664,0
ControlExpenses_Code,5,11,36.666666666666664,0
PrioritizeNeeds_Code,1,1,3.3333333333333335,0
PrioritizeNeeds_Code,2,1,3.3333333333333335,0
PrioritizeNeeds_Code,3,5,16.666666666666664,0
PrioritizeNeeds_Code,4,9,30.0,0
PrioritizeNeeds_Code,5,14,46.666666666666664,0
ImpulsePurchase_Code,1,3,10.0,0
ImpulsePurchase_Code,2,8,26.666666666666668,0
ImpulsePurchase_Code,3,10,33.33333333333333,0
ImpulsePurchase_Code,4,6,20.0,0
ImpulsePurchase_Code,5,3,10.0,0
