Variable,N,Missing_N,Mean,Median,SD,Min,Q1,Q3,IQR,Max,Negative_Count,Zero_Count,Positive_Count,Scenario
HousingExpense,28,2,3636.6071428571427,3500.0,5930.705106660533,0.0,0.0,4275.0,4275.0,32000.0,0,9,19,Primary analysis
TotalExpense,27,3,10434.444444444445,10100.0,6097.5978708727425,3209.0,6339.5,13200.0,6860.5,34430.0,0,0,27,Primary analysis
NetBalance,26,4,644.8715384615384,1075.0,3070.2226481253015,-6100.0,0.0,2363.75,2363.75,7451.0,6,2,18,Primary analysis
ExpenseRatio,26,4,266.28280240317514,90.56300675675675,872.3291330733083,53.48333333333334,76.3943661971831,100.0,23.605633802816897,4540.0,0,0,26,Primary analysis
HousingRatio,27,3,26.82448455476037,29.55470905030868,25.126098472706136,0.0,0.0,35.42971551518049,35.42971551518049,92.94220156839965,0,9,18,Primary analysis
HousingExpense,27,2,2586.1111111111113,3500.0,2106.7694615459386,0.0,0.0,4150.0,4150.0,6800.0,0,9,18,Sensitivity analysis excluding the verified influential observation
TotalExpense,26,3,9511.538461538461,10050.0,3840.6554985394796,3209.0,6134.25,12962.25,6828.0,15859.0,0,0,26,Sensitivity analysis excluding the verified influential observation
NetBalance,26,3,644.8715384615384,1075.0,3070.2226481253015,-6100.0,0.0,2363.75,2363.75,7451.0,6,2,18,Sensitivity analysis excluding the verified influential observation
ExpenseRatio,26,3,266.28280240317514,90.56300675675675,872.3291330733083,53.48333333333334,76.3943661971831,100.0,23.605633802816897,4540.0,0,0,26,Sensitivity analysis excluding the verified influential observation
HousingRatio,26,3,24.281495438851167,29.20043144823126,21.794175642251883,0.0,0.0,34.913366336633665,34.913366336633665,77.09251101321586,0,9,17,Sensitivity analysis excluding the verified influential observation
