Behavior_Variable,Outcome,N,Spearman_rho,P_value,Direction,Strength,Interpretation_Note
PlanSpending_Code,NetBalance,26,-0.008462995563974179,0.9668016599170042,negative,very weak,Higher numerical response codes tended to align with lower NetBalance. Likert anchors unavailable; numerical codes only; exploratory and non-causal.
PlanSpending_Code,MoneySufficiency_Code,30,0.013100420876763653,0.9468526573671316,positive,very weak,Higher numerical response codes tended to align with higher MoneySufficiency_Code (greater insufficiency). Likert anchors unavailable; numerical codes only; exploratory and non-causal.
TrackExpenses_Code,NetBalance,26,-0.045395905336355194,0.8213589320533974,negative,very weak,Higher numerical response codes tended to align with lower NetBalance. Likert anchors unavailable; numerical codes only; exploratory and non-causal.
TrackExpenses_Code,MoneySufficiency_Code,30,0.20302041067056797,0.28273586320683963,positive,weak,Higher numerical response codes tended to align with higher MoneySufficiency_Code (greater insufficiency). Likert anchors unavailable; numerical codes only; exploratory and non-causal.
ControlExpenses_Code,NetBalance,26,-0.047401722795754,0.8186090695465227,negative,very weak,Higher numerical response codes tended to align with lower NetBalance. Likert anchors unavailable; numerical codes only; exploratory and non-causal.
ControlExpenses_Code,MoneySufficiency_Code,30,0.1616695828072386,0.3863306834658267,positive,very weak,Higher numerical response codes tended to align with higher MoneySufficiency_Code (greater insufficiency). Likert anchors unavailable; numerical codes only; exploratory and non-causal.
PrioritizeNeeds_Code,NetBalance,26,0.27645420433209716,0.17104144792760362,positive,weak,Higher numerical response codes tended to align with higher NetBalance. Likert anchors unavailable; numerical codes only; exploratory and non-causal.
PrioritizeNeeds_Code,MoneySufficiency_Code,30,-0.4977774691179746,0.005499725013749313,negative,moderate,Higher numerical response codes tended to align with lower MoneySufficiency_Code (less insufficiency). Likert anchors unavailable; numerical codes only; exploratory and non-causal.
ImpulsePurchase_Code,NetBalance,26,-0.3914579516774827,0.049497525123743814,negative,weak,Higher numerical response codes tended to align with lower NetBalance. Likert anchors unavailable; numerical codes only; exploratory and non-causal.
ImpulsePurchase_Code,MoneySufficiency_Code,30,0.1835726588401364,0.3264336783160842,positive,very weak,Higher numerical response codes tended to align with higher MoneySufficiency_Code (greater insufficiency). Likert anchors unavailable; numerical codes only; exploratory and non-causal.
